100000,Emily,Johnson,EJs100000@uni.edu.pl,4
100001,Liam,Taylor,LTs100001@uni.edu.pl,17
100002,Aaron,Hughes,AHs100002@uni.edu.pl,13
100003,Claire,Phillips,CPs100003@uni.edu.pl,1
100004,Mason,Edwards,MEs100004@uni.edu.pl,1
100005,Jasmine,Wilson,JWs100005@uni.edu.pl,11
100006,Joseph,Hernandez,JHs100006@uni.edu.pl,8
100007,Abigail,Graham,AGs100007@uni.edu.pl,8
100008,Evan,Jones,EJs100008@uni.edu.pl,11
100009,Gabriel,Collins,GCs100009@uni.edu.pl,7
100010,Hannah,Collins,HCs100010@uni.edu.pl,0
100011,Jeremiah,White,JWs100011@uni.edu.pl,19
100012,Abigail,Green,AGs100012@uni.edu.pl,14
100013,Aria,Jenkins,AJs100013@uni.edu.pl,1
100014,David,Watson,DWs100014@uni.edu.pl,9
100015,Ezekiel,Richardson,ERs100015@uni.edu.pl,17
100016,Emma,Cooper,ECs100016@uni.edu.pl,18
100017,Maya,Foster,MFs100017@uni.edu.pl,7
100018,Ella,Bell,EBs100018@uni.edu.pl,6
100019,Michael,Campbell,MCs100019@uni.edu.pl,3
100020,Hunter,Fisher,HFs100020@uni.edu.pl,11
100021,Blake,Hayes,BHs100021@uni.edu.pl,4
100022,Ian,Torres,ITs100022@uni.edu.pl,3
100023,Jacob,Sullivan,JSs100023@uni.edu.pl,14
100024,Asher,Bailey,ABs100024@uni.edu.pl,18
100025,Daniel,Jones,DJs100025@uni.edu.pl,12
100026,Adam,Edwards,AEs100026@uni.edu.pl,14
100027,Mason,Lewis,MLs100027@uni.edu.pl,15
100028,Felix,Fisher,FFs100028@uni.edu.pl,12
100029,James,Edwards,JEs100029@uni.edu.pl,7
100030,Aiden,Jenkins,AJs100030@uni.edu.pl,3
100031,Brianna,Morales,BMs100031@uni.edu.pl,8
100032,Ezra,Russell,ERs100032@uni.edu.pl,18
100033,Chloe,Torres,CTs100033@uni.edu.pl,19
100034,John,Wright,JWs100034@uni.edu.pl,3
100035,John,Ward,JWs100035@uni.edu.pl,15
100036,Brianna,Allen,BAs100036@uni.edu.pl,1
100037,Brianna,Collins,BCs100037@uni.edu.pl,1
100038,Asher,Johnson,AJs100038@uni.edu.pl,18
100039,Benjamin,Diaz,BDs100039@uni.edu.pl,19
100040,Adam,Richardson,ARs100040@uni.edu.pl,7
100041,Michael,Adams,MAs100041@uni.edu.pl,19
100042,Ava,Martin,AMs100042@uni.edu.pl,5
100043,Jackson,Green,JGs100043@uni.edu.pl,11
100044,Harper,Lee,HLs100044@uni.edu.pl,0
100045,Ian,Ross,IRs100045@uni.edu.pl,13
100046,Emily,Cooper,ECs100046@uni.edu.pl,1
100047,Blake,Perez,BPs100047@uni.edu.pl,12
100048,Layla,Taylor,LTs100048@uni.edu.pl,6
100049,Caroline,Watson,CWs100049@uni.edu.pl,2
100050,Joshua,Green,JGs100050@uni.edu.pl,0
100051,Elizabeth,Rivera,ERs100051@uni.edu.pl,12
100052,Felix,Thomas,FTs100052@uni.edu.pl,6
100053,Hunter,Johnson,HJs100053@uni.edu.pl,8
100054,Daniel,Barnes,DBs100054@uni.edu.pl,17
100055,Ezekiel,Long,ELs100055@uni.edu.pl,5
100056,Noah,Washington,NWs100056@uni.edu.pl,9
100057,Leo,Patterson,LPs100057@uni.edu.pl,5
100058,Joseph,Martin,JMs100058@uni.edu.pl,4
100059,Evan,Cook,ECs100059@uni.edu.pl,16
100060,Angelina,Fisher,AFs100060@uni.edu.pl,12
100061,Caroline,Baker,CBs100061@uni.edu.pl,6
100062,Isabella,Nelson,INs100062@uni.edu.pl,8
100063,Alexander,Martinez,AMs100063@uni.edu.pl,9
100064,Angelina,Sanders,ASs100064@uni.edu.pl,1
100065,Felix,Phillips,FPs100065@uni.edu.pl,9
100066,Cameron,Rogers,CRs100066@uni.edu.pl,17
100067,Jeremiah,Watson,JWs100067@uni.edu.pl,12
100068,Aubrey,James,AJs100068@uni.edu.pl,10
100069,Joshua,Foster,JFs100069@uni.edu.pl,3
100070,Mila,Rivera,MRs100070@uni.edu.pl,6
100071,Dominic,Hernandez,DHs100071@uni.edu.pl,8
100072,Benjamin,Mitchell,BMs100072@uni.edu.pl,4
100073,Nathan,Armstrong,NAs100073@uni.edu.pl,6
100074,Isaac,White,IWs100074@uni.edu.pl,0
100075,Leo,Lopez,LLs100075@uni.edu.pl,10
100076,Daniel,Graham,DGs100076@uni.edu.pl,0
100077,Alexander,Morales,AMs100077@uni.edu.pl,8
100078,James,Adams,JAs100078@uni.edu.pl,0
100079,James,Miller,JMs100079@uni.edu.pl,16
100080,Evan,Campbell,ECs100080@uni.edu.pl,10
100081,Hannah,Stewart,HSs100081@uni.edu.pl,18
100082,Aiden,Sanders,ASs100082@uni.edu.pl,7
100083,Jonathan,Morris,JMs100083@uni.edu.pl,18
100084,James,Rivera,JRs100084@uni.edu.pl,8
100085,Chloe,Miller,CMs100085@uni.edu.pl,6
100086,Lucas,Roberts,LRs100086@uni.edu.pl,6
100087,Caleb,Sanchez,CSs100087@uni.edu.pl,8
100088,Harper,Baker,HBs100088@uni.edu.pl,7
100089,Caleb,Patterson,CPs100089@uni.edu.pl,6
100090,Carter,Hughes,CHs100090@uni.edu.pl,4
100091,Emily,Ward,EWs100091@uni.edu.pl,2
100092,Blake,Hernandez,BHs100092@uni.edu.pl,19
100093,Levi,Harrison,LHs100093@uni.edu.pl,10
100094,Genesis,Baker,GBs100094@uni.edu.pl,10
100095,Dylan,Bennett,DBs100095@uni.edu.pl,12
100096,Austin,Hall,AHs100096@uni.edu.pl,17
100097,Jacob,Evans,JEs100097@uni.edu.pl,1
100098,Dominic,Parker,DPs100098@uni.edu.pl,17
100099,Ezra,Henderson,EHs100099@uni.edu.pl,7
100100,Madison,Simmons,MSs100100@uni.edu.pl,2
100101,Emma,Simmons,ESs100101@uni.edu.pl,18
100102,Dominic,Foster,DFs100102@uni.edu.pl,19
100103,Charlotte,Lopez,CLs100103@uni.edu.pl,15
100104,Charlotte,Sanchez,CSs100104@uni.edu.pl,10
100105,Grace,Jenkins,GJs100105@uni.edu.pl,19
100106,Mila,Graham,MGs100106@uni.edu.pl,13
100107,Landon,Foster,LFs100107@uni.edu.pl,15
100108,Isabella,Bryant,IBs100108@uni.edu.pl,9
100109,Emily,Graham,EGs100109@uni.edu.pl,7
100110,Eleanor,Wood,EWs100110@uni.edu.pl,15
100111,Lincoln,James,LJs100111@uni.edu.pl,13
100112,Caroline,Green,CGs100112@uni.edu.pl,3
100113,Kayla,Rodriguez,KRs100113@uni.edu.pl,8
100114,Levi,Johnson,LJs100114@uni.edu.pl,2
100115,Aaron,Anderson,AAs100115@uni.edu.pl,10
100116,Brianna,Henderson,BHs100116@uni.edu.pl,2
100117,Blake,Fisher,BFs100117@uni.edu.pl,4
100118,Layla,Cook,LCs100118@uni.edu.pl,12
100119,Brandon,Ross,BRs100119@uni.edu.pl,12
100120,Kayla,Bell,KBs100120@uni.edu.pl,0
100121,Noah,Barnes,NBs100121@uni.edu.pl,1
100122,David,Baker,DBs100122@uni.edu.pl,17
100123,Emma,Campbell,ECs100123@uni.edu.pl,1
100124,Brianna,Turner,BTs100124@uni.edu.pl,3
100125,Jasmine,Carter,JCs100125@uni.edu.pl,10
100126,Eleanor,Stewart,ESs100126@uni.edu.pl,3
100127,Lillian,Martin,LMs100127@uni.edu.pl,3
100128,Aria,Thompson,ATs100128@uni.edu.pl,4
100129,Layla,Roberts,LRs100129@uni.edu.pl,16
100130,Jordan,Mitchell,JMs100130@uni.edu.pl,7
100131,Liam,Henderson,LHs100131@uni.edu.pl,13
100132,Elizabeth,Stewart,ESs100132@uni.edu.pl,13
100133,Charlotte,Edwards,CEs100133@uni.edu.pl,0
100134,Gabriel,Campbell,GCs100134@uni.edu.pl,15
100135,Jordan,Graham,JGs100135@uni.edu.pl,10
100136,Kennedy,Bell,KBs100136@uni.edu.pl,1
100137,Mason,Henderson,MHs100137@uni.edu.pl,19
100138,Jonathan,Hayes,JHs100138@uni.edu.pl,13
100139,Layla,Allen,LAs100139@uni.edu.pl,14
100140,Katherine,Sullivan,KSs100140@uni.edu.pl,10
100141,Adam,Williams,AWs100141@uni.edu.pl,14
100142,Grace,Armstrong,GAs100142@uni.edu.pl,18
100143,Gabriel,Davis,GDs100143@uni.edu.pl,1
100144,Julian,Hill,JHs100144@uni.edu.pl,15
100145,Adam,Barnes,ABs100145@uni.edu.pl,9
100146,Ethan,Hughes,EHs100146@uni.edu.pl,15
100147,Liam,Murphy,LMs100147@uni.edu.pl,9
100148,Charlotte,Bell,CBs100148@uni.edu.pl,8
100149,Jonathan,Graham,JGs100149@uni.edu.pl,0
100150,George,Butler,GBs100150@uni.edu.pl,0
100151,Isaac,Thomas,ITs100151@uni.edu.pl,19
100152,Lily,Scott,LSs100152@uni.edu.pl,14
100153,Christopher,Allen,CAs100153@uni.edu.pl,16
100154,Aiden,Russell,ARs100154@uni.edu.pl,16
100155,Elijah,Johnson,EJs100155@uni.edu.pl,16
100156,Grace,White,GWs100156@uni.edu.pl,17
100157,Emma,King,EKs100157@uni.edu.pl,15
100158,Isabella,Hill,IHs100158@uni.edu.pl,16
100159,Eleanor,Turner,ETs100159@uni.edu.pl,14
100160,Abigail,Price,APs100160@uni.edu.pl,16
100161,Alice,Wood,AWs100161@uni.edu.pl,9
100162,Angelina,King,AKs100162@uni.edu.pl,4
100163,Felix,Scott,FSs100163@uni.edu.pl,10
100164,Anthony,Anderson,AAs100164@uni.edu.pl,3
100165,Lillian,Rivera,LRs100165@uni.edu.pl,16
100166,Hudson,Long,HLs100166@uni.edu.pl,14
100167,Jonathan,Ward,JWs100167@uni.edu.pl,9
100168,Eli,Evans,EEs100168@uni.edu.pl,17
100169,Emma,Ross,ERs100169@uni.edu.pl,11
100170,Evan,Foster,EFs100170@uni.edu.pl,7
100171,Elijah,Collins,ECs100171@uni.edu.pl,9
100172,Chloe,Brooks,CBs100172@uni.edu.pl,2
100173,Joseph,Hayes,JHs100173@uni.edu.pl,12
100174,Jordan,Robinson,JRs100174@uni.edu.pl,18
100175,Aubrey,Robinson,ARs100175@uni.edu.pl,1
100176,Eleanor,Collins,ECs100176@uni.edu.pl,1
100177,Christopher,Nelson,CNs100177@uni.edu.pl,12
100178,Alice,Carter,ACs100178@uni.edu.pl,5
100179,Jason,Walker,JWs100179@uni.edu.pl,16
100180,Evan,Martinez,EMs100180@uni.edu.pl,10
100181,Alexander,Evans,AEs100181@uni.edu.pl,13
100182,Alexander,Brown,ABs100182@uni.edu.pl,6
100183,George,Sanchez,GSs100183@uni.edu.pl,8
100184,Gabriel,Moore,GMs100184@uni.edu.pl,11
100185,Madison,Patterson,MPs100185@uni.edu.pl,3
100186,Evan,Harrison,EHs100186@uni.edu.pl,0
100187,Ezra,Morales,EMs100187@uni.edu.pl,9
100188,Emma,Washington,EWs100188@uni.edu.pl,6
100189,Michael,Jenkins,MJs100189@uni.edu.pl,3
100190,Kennedy,Williams,KWs100190@uni.edu.pl,0
100191,Hunter,Collins,HCs100191@uni.edu.pl,14
100192,Asher,Stewart,ASs100192@uni.edu.pl,5
100193,Mason,Smith,MSs100193@uni.edu.pl,8
100194,Amelia,Hughes,AHs100194@uni.edu.pl,7
100195,Harper,Barnes,HBs100195@uni.edu.pl,4
100196,Charles,Graham,CGs100196@uni.edu.pl,12
100197,Connor,Wright,CWs100197@uni.edu.pl,2
100198,Joseph,Clark,JCs100198@uni.edu.pl,5
100199,Felix,Smith,FSs100199@uni.edu.pl,1
100200,Brandon,Sullivan,BSs100200@uni.edu.pl,17
100201,Mason,Jones,MJs100201@uni.edu.pl,11
100202,Genesis,Price,GPs100202@uni.edu.pl,1
100203,Jonathan,Anderson,JAs100203@uni.edu.pl,7
100204,Henry,Watson,HWs100204@uni.edu.pl,6
100205,Isla,Fisher,IFs100205@uni.edu.pl,15
100206,Asher,Phillips,APs100206@uni.edu.pl,9
100207,Hannah,Howard,HHs100207@uni.edu.pl,15
100208,Hudson,Evans,HEs100208@uni.edu.pl,13
100209,Alice,Hill,AHs100209@uni.edu.pl,7
100210,Matthew,Morgan,MMs100210@uni.edu.pl,6
100211,Joshua,Sanchez,JSs100211@uni.edu.pl,15
100212,Aaron,Garcia,AGs100212@uni.edu.pl,10
100213,John,Ward,JWs100213@uni.edu.pl,1
100214,Hudson,Mitchell,HMs100214@uni.edu.pl,1
100215,Austin,Henderson,AHs100215@uni.edu.pl,11
100216,Lily,Richardson,LRs100216@uni.edu.pl,7
100217,Aria,Watson,AWs100217@uni.edu.pl,10
100218,Charles,Ross,CRs100218@uni.edu.pl,7
100219,Hazel,Johnson,HJs100219@uni.edu.pl,8
100220,Alice,Rivera,ARs100220@uni.edu.pl,8
100221,Jayden,Kelly,JKs100221@uni.edu.pl,18
100222,Benjamin,Adams,BAs100222@uni.edu.pl,7
100223,Cameron,Richardson,CRs100223@uni.edu.pl,19
100224,John,Simmons,JSs100224@uni.edu.pl,2
100225,Dominic,Howard,DHs100225@uni.edu.pl,7
100226,David,Martin,DMs100226@uni.edu.pl,13
100227,Connor,Rivera,CRs100227@uni.edu.pl,13
100228,Adam,Richardson,ARs100228@uni.edu.pl,13
100229,Matthew,Evans,MEs100229@uni.edu.pl,9
100230,Henry,Harrison,HHs100230@uni.edu.pl,3
100231,Lucas,Baker,LBs100231@uni.edu.pl,8
100232,Mila,Evans,MEs100232@uni.edu.pl,1
100233,Isla,Stewart,ISs100233@uni.edu.pl,19
100234,Madeline,Torres,MTs100234@uni.edu.pl,2
100235,Claire,Sanchez,CSs100235@uni.edu.pl,5
100236,Jacob,Howard,JHs100236@uni.edu.pl,1
100237,Levi,Allen,LAs100237@uni.edu.pl,16
100238,Aiden,Reed,ARs100238@uni.edu.pl,14
100239,Jackson,Russell,JRs100239@uni.edu.pl,15
100240,Luke,Armstrong,LAs100240@uni.edu.pl,1
100241,Joshua,Sullivan,JSs100241@uni.edu.pl,0
100242,Isaac,Price,IPs100242@uni.edu.pl,5
100243,Jason,Long,JLs100243@uni.edu.pl,9
100244,Aurora,Sullivan,ASs100244@uni.edu.pl,10
100245,Daniel,Graham,DGs100245@uni.edu.pl,16
100246,Charlotte,Graham,CGs100246@uni.edu.pl,18
100247,Jacob,Washington,JWs100247@uni.edu.pl,12
100248,Claire,Clark,CCs100248@uni.edu.pl,10
100249,Mila,Robinson,MRs100249@uni.edu.pl,18
100250,Gabriel,Murphy,GMs100250@uni.edu.pl,12
100251,Eli,Stewart,ESs100251@uni.edu.pl,16
100252,Jason,Clark,JCs100252@uni.edu.pl,11
100253,Leo,Garcia,LGs100253@uni.edu.pl,14
100254,John,Nelson,JNs100254@uni.edu.pl,3
100255,Elijah,Long,ELs100255@uni.edu.pl,9
100256,Elizabeth,Powell,EPs100256@uni.edu.pl,8
100257,Kevin,Watson,KWs100257@uni.edu.pl,0
100258,Harper,Collins,HCs100258@uni.edu.pl,4
100259,Aaron,Perez,APs100259@uni.edu.pl,10
100260,Nathan,Ross,NRs100260@uni.edu.pl,0
100261,Grayson,Watson,GWs100261@uni.edu.pl,2
100262,Jack,Henderson,JHs100262@uni.edu.pl,15
100263,Leo,Davis,LDs100263@uni.edu.pl,0
100264,Kayla,King,KKs100264@uni.edu.pl,10
100265,Matthew,Moore,MMs100265@uni.edu.pl,17
100266,Jayden,Jenkins,JJs100266@uni.edu.pl,19
100267,Delilah,Russell,DRs100267@uni.edu.pl,19
100268,Michael,Jenkins,MJs100268@uni.edu.pl,5
100269,Caroline,Smith,CSs100269@uni.edu.pl,13
100270,John,White,JWs100270@uni.edu.pl,14
100271,Lucas,Anderson,LAs100271@uni.edu.pl,7
100272,Ethan,Morris,EMs100272@uni.edu.pl,18
100273,Caleb,Barnes,CBs100273@uni.edu.pl,11
100274,Aiden,Thomas,ATs100274@uni.edu.pl,12
100275,Angelina,Rivera,ARs100275@uni.edu.pl,15
100276,Leo,Davis,LDs100276@uni.edu.pl,2
100277,Alexander,Martin,AMs100277@uni.edu.pl,2
100278,Gabriel,Campbell,GCs100278@uni.edu.pl,7
100279,Michael,Reed,MRs100279@uni.edu.pl,16
100280,Delilah,Kelly,DKs100280@uni.edu.pl,16
100281,David,Davis,DDs100281@uni.edu.pl,14
100282,David,Watson,DWs100282@uni.edu.pl,6
100283,Aaron,Fisher,AFs100283@uni.edu.pl,18
100284,Madeline,Rivera,MRs100284@uni.edu.pl,11
100285,David,Smith,DSs100285@uni.edu.pl,14
100286,Levi,Rivera,LRs100286@uni.edu.pl,5
100287,Aaron,Adams,AAs100287@uni.edu.pl,11
100288,Eli,Richardson,ERs100288@uni.edu.pl,16
100289,Joshua,Edwards,JEs100289@uni.edu.pl,6
100290,Ezra,Rodriguez,ERs100290@uni.edu.pl,13
100291,Landon,Lewis,LLs100291@uni.edu.pl,8
100292,Elijah,Phillips,EPs100292@uni.edu.pl,14
100293,Maya,Diaz,MDs100293@uni.edu.pl,10
100294,Isla,Mitchell,IMs100294@uni.edu.pl,8
100295,Aiden,Sanchez,ASs100295@uni.edu.pl,14
100296,James,Nelson,JNs100296@uni.edu.pl,14
100297,Andrew,Powell,APs100297@uni.edu.pl,11
100298,Emily,Watson,EWs100298@uni.edu.pl,15
100299,Andrew,Flores,AFs100299@uni.edu.pl,18
100300,Isla,Scott,ISs100300@uni.edu.pl,18
100301,Noah,Hayes,NHs100301@uni.edu.pl,6
100302,Evan,Wilson,EWs100302@uni.edu.pl,4
100303,Lily,Sanchez,LSs100303@uni.edu.pl,0
100304,Alice,Russell,ARs100304@uni.edu.pl,4
100305,Andrew,Collins,ACs100305@uni.edu.pl,5
100306,Brandon,Richardson,BRs100306@uni.edu.pl,2
100307,Asher,Reed,ARs100307@uni.edu.pl,0
100308,Joseph,Robinson,JRs100308@uni.edu.pl,6
100309,Brianna,Henderson,BHs100309@uni.edu.pl,11
100310,Lily,Washington,LWs100310@uni.edu.pl,18
100311,Joseph,Green,JGs100311@uni.edu.pl,12
100312,Jordan,Stewart,JSs100312@uni.edu.pl,19
100313,Hannah,Rogers,HRs100313@uni.edu.pl,16
100314,Claire,Murphy,CMs100314@uni.edu.pl,5
100315,Hazel,Adams,HAs100315@uni.edu.pl,16
100316,Alexander,Foster,AFs100316@uni.edu.pl,6
100317,Isla,Hall,IHs100317@uni.edu.pl,7
100318,Michael,Campbell,MCs100318@uni.edu.pl,16
100319,Charles,Garcia,CGs100319@uni.edu.pl,0
100320,Connor,Perez,CPs100320@uni.edu.pl,7
100321,Noah,Evans,NEs100321@uni.edu.pl,5
100322,Landon,Ward,LWs100322@uni.edu.pl,15
100323,Hudson,Morris,HMs100323@uni.edu.pl,5
100324,Lucas,Reed,LRs100324@uni.edu.pl,0
100325,Isaac,Rodriguez,IRs100325@uni.edu.pl,16
100326,Noah,Henderson,NHs100326@uni.edu.pl,0
100327,Leo,Thomas,LTs100327@uni.edu.pl,8
100328,Elizabeth,Clark,ECs100328@uni.edu.pl,0
100329,Michael,Wright,MWs100329@uni.edu.pl,15
100330,Ava,Nelson,ANs100330@uni.edu.pl,3
100331,Julian,Williams,JWs100331@uni.edu.pl,19
100332,Aria,Cox,ACs100332@uni.edu.pl,12
100333,Connor,Nelson,CNs100333@uni.edu.pl,2
100334,Landon,Williams,LWs100334@uni.edu.pl,14
100335,Andrew,Evans,AEs100335@uni.edu.pl,7
100336,Leo,Walker,LWs100336@uni.edu.pl,18
100337,Mason,Russell,MRs100337@uni.edu.pl,16
100338,David,Morgan,DMs100338@uni.edu.pl,13
100339,Delilah,Torres,DTs100339@uni.edu.pl,9
100340,Ella,Flores,EFs100340@uni.edu.pl,18
100341,Grayson,Davis,GDs100341@uni.edu.pl,16
100342,Christopher,Butler,CBs100342@uni.edu.pl,14
100343,Aiden,Collins,ACs100343@uni.edu.pl,9
100344,Layla,Rogers,LRs100344@uni.edu.pl,12
100345,Leo,Butler,LBs100345@uni.edu.pl,1
100346,Lily,Brown,LBs100346@uni.edu.pl,5
100347,Daniel,Johnson,DJs100347@uni.edu.pl,1
100348,Abigail,Russell,ARs100348@uni.edu.pl,14
100349,Charles,Rivera,CRs100349@uni.edu.pl,6
100350,Angelina,Thompson,ATs100350@uni.edu.pl,6
100351,Grayson,Collins,GCs100351@uni.edu.pl,1
100352,Katherine,Butler,KBs100352@uni.edu.pl,8
100353,Katherine,Howard,KHs100353@uni.edu.pl,1
100354,Emma,Roberts,ERs100354@uni.edu.pl,6
100355,Dominic,King,DKs100355@uni.edu.pl,18
100356,Dylan,Patterson,DPs100356@uni.edu.pl,11
100357,Matthew,Rodriguez,MRs100357@uni.edu.pl,14
100358,Ian,Armstrong,IAs100358@uni.edu.pl,19
100359,Luke,Morgan,LMs100359@uni.edu.pl,9
100360,Charles,Morales,CMs100360@uni.edu.pl,18
100361,Joshua,King,JKs100361@uni.edu.pl,15
100362,Kayla,Ross,KRs100362@uni.edu.pl,1
100363,Aiden,Hayes,AHs100363@uni.edu.pl,13
100364,Layla,Scott,LSs100364@uni.edu.pl,11
100365,Eli,Thomas,ETs100365@uni.edu.pl,0
100366,Christopher,Barnes,CBs100366@uni.edu.pl,16
100367,Aubrey,Butler,ABs100367@uni.edu.pl,11
100368,James,King,JKs100368@uni.edu.pl,10
100369,Matthew,Johnson,MJs100369@uni.edu.pl,2
100370,Jasmine,Howard,JHs100370@uni.edu.pl,6
100371,Gabriel,Simmons,GSs100371@uni.edu.pl,2
100372,Jacob,Jenkins,JJs100372@uni.edu.pl,16
100373,Alice,Rivera,ARs100373@uni.edu.pl,8
100374,Lily,Henderson,LHs100374@uni.edu.pl,12
100375,Jacob,Washington,JWs100375@uni.edu.pl,11
100376,Connor,Butler,CBs100376@uni.edu.pl,1
100377,Dominic,Washington,DWs100377@uni.edu.pl,18
100378,Eli,Bell,EBs100378@uni.edu.pl,17
100379,Daniel,Hayes,DHs100379@uni.edu.pl,8
100380,Lucas,Howard,LHs100380@uni.edu.pl,18
100381,Michael,Miller,MMs100381@uni.edu.pl,2
100382,Elijah,Sanders,ESs100382@uni.edu.pl,16
100383,Mason,James,MJs100383@uni.edu.pl,17
100384,Katherine,Green,KGs100384@uni.edu.pl,17
100385,James,Adams,JAs100385@uni.edu.pl,13
100386,Delilah,Hernandez,DHs100386@uni.edu.pl,10
100387,James,Harrison,JHs100387@uni.edu.pl,19
100388,Austin,Campbell,ACs100388@uni.edu.pl,16
100389,Christopher,Graham,CGs100389@uni.edu.pl,19
100390,Alice,Hernandez,AHs100390@uni.edu.pl,13
100391,Hannah,Sanders,HSs100391@uni.edu.pl,2
100392,Jonathan,Nguyen,JNs100392@uni.edu.pl,16
100393,Leo,Moore,LMs100393@uni.edu.pl,18
100394,Adam,Foster,AFs100394@uni.edu.pl,14
100395,Christopher,Wood,CWs100395@uni.edu.pl,3
100396,Michael,Smith,MSs100396@uni.edu.pl,1
100397,Hazel,Sullivan,HSs100397@uni.edu.pl,7
100398,George,Jackson,GJs100398@uni.edu.pl,4
100399,Charles,Edwards,CEs100399@uni.edu.pl,3
100400,James,Reed,JRs100400@uni.edu.pl,11
100401,Chloe,Smith,CSs100401@uni.edu.pl,11
100402,Kennedy,Anderson,KAs100402@uni.edu.pl,10
100403,Levi,James,LJs100403@uni.edu.pl,18
100404,Chloe,Thomas,CTs100404@uni.edu.pl,5
100405,Lily,Ramirez,LRs100405@uni.edu.pl,17
100406,Harper,Foster,HFs100406@uni.edu.pl,12
100407,Charlotte,Martin,CMs100407@uni.edu.pl,17
100408,Levi,Kelly,LKs100408@uni.edu.pl,12
100409,Chloe,Adams,CAs100409@uni.edu.pl,2
100410,Hunter,Baker,HBs100410@uni.edu.pl,3
100411,Eli,Howard,EHs100411@uni.edu.pl,12
100412,Joshua,Reed,JRs100412@uni.edu.pl,7
100413,Joseph,Bennett,JBs100413@uni.edu.pl,5
100414,Carter,Clark,CCs100414@uni.edu.pl,7
100415,Mila,Rogers,MRs100415@uni.edu.pl,2
100416,Aaron,Powell,APs100416@uni.edu.pl,11
100417,Michael,Hughes,MHs100417@uni.edu.pl,9
100418,Jackson,Hernandez,JHs100418@uni.edu.pl,15
100419,Leo,Lewis,LLs100419@uni.edu.pl,7
100420,Christopher,Rodriguez,CRs100420@uni.edu.pl,6
100421,George,Armstrong,GAs100421@uni.edu.pl,3
100422,Kevin,Ross,KRs100422@uni.edu.pl,17
100423,Isaac,Sanders,ISs100423@uni.edu.pl,1
100424,Carter,Hall,CHs100424@uni.edu.pl,8
100425,Alice,Kelly,AKs100425@uni.edu.pl,6
100426,Jasmine,Collins,JCs100426@uni.edu.pl,19
100427,Adam,Morales,AMs100427@uni.edu.pl,10
100428,Henry,Russell,HRs100428@uni.edu.pl,15
100429,Ian,Harrison,IHs100429@uni.edu.pl,0
100430,Isla,Moore,IMs100430@uni.edu.pl,15
100431,Dylan,Adams,DAs100431@uni.edu.pl,4
100432,Charlotte,Davis,CDs100432@uni.edu.pl,9
100433,George,Lewis,GLs100433@uni.edu.pl,4
100434,Evan,Brooks,EBs100434@uni.edu.pl,17
100435,Kayla,Perez,KPs100435@uni.edu.pl,1
100436,Delilah,Parker,DPs100436@uni.edu.pl,7
100437,Mason,Collins,MCs100437@uni.edu.pl,19
100438,Grace,Rogers,GRs100438@uni.edu.pl,2
100439,Ezekiel,Johnson,EJs100439@uni.edu.pl,18
100440,Hazel,Ross,HRs100440@uni.edu.pl,5
100441,Emma,Lopez,ELs100441@uni.edu.pl,2
100442,Claire,Harris,CHs100442@uni.edu.pl,15
100443,Lily,Ross,LRs100443@uni.edu.pl,17
100444,Angelina,Price,APs100444@uni.edu.pl,8
100445,Leo,Reed,LRs100445@uni.edu.pl,14
100446,Alice,Lee,ALs100446@uni.edu.pl,8
100447,Elizabeth,Jones,EJs100447@uni.edu.pl,1
100448,Elizabeth,Foster,EFs100448@uni.edu.pl,3
100449,Alexander,Anderson,AAs100449@uni.edu.pl,18
100450,Emma,Lee,ELs100450@uni.edu.pl,10
100451,Joshua,Allen,JAs100451@uni.edu.pl,14
100452,Lily,Morris,LMs100452@uni.edu.pl,17
100453,Austin,White,AWs100453@uni.edu.pl,9
100454,Michael,Johnson,MJs100454@uni.edu.pl,14
100455,Levi,Moore,LMs100455@uni.edu.pl,17
100456,Brianna,Ross,BRs100456@uni.edu.pl,1
100457,Noah,Morris,NMs100457@uni.edu.pl,11
100458,Andrew,Evans,AEs100458@uni.edu.pl,17
100459,Alexander,Adams,AAs100459@uni.edu.pl,19
100460,Carter,Anderson,CAs100460@uni.edu.pl,13
100461,Caleb,Richardson,CRs100461@uni.edu.pl,2
100462,Evan,Scott,ESs100462@uni.edu.pl,8
100463,Carter,Armstrong,CAs100463@uni.edu.pl,18
100464,Isla,Phillips,IPs100464@uni.edu.pl,6
100465,Isaac,Stewart,ISs100465@uni.edu.pl,6
100466,Christopher,Thompson,CTs100466@uni.edu.pl,10
100467,Abigail,Lewis,ALs100467@uni.edu.pl,6
100468,Caroline,Roberts,CRs100468@uni.edu.pl,5
100469,Jeremiah,Anderson,JAs100469@uni.edu.pl,7
100470,Matthew,Patterson,MPs100470@uni.edu.pl,17
100471,Joseph,Torres,JTs100471@uni.edu.pl,8
100472,Luke,Cook,LCs100472@uni.edu.pl,13
100473,Maya,Harrison,MHs100473@uni.edu.pl,3
100474,Gabriel,White,GWs100474@uni.edu.pl,6
100475,Liam,Reed,LRs100475@uni.edu.pl,4
100476,David,Powell,DPs100476@uni.edu.pl,17
100477,Delilah,Williams,DWs100477@uni.edu.pl,5
100478,Jonathan,Clark,JCs100478@uni.edu.pl,4
100479,Grace,Lewis,GLs100479@uni.edu.pl,5
100480,Kennedy,Hayes,KHs100480@uni.edu.pl,19
100481,Lincoln,Rogers,LRs100481@uni.edu.pl,7
100482,Luke,Fisher,LFs100482@uni.edu.pl,8
100483,Genesis,Rodriguez,GRs100483@uni.edu.pl,13
100484,Ezra,Price,EPs100484@uni.edu.pl,10
100485,Adam,Johnson,AJs100485@uni.edu.pl,2
100486,Mila,Hall,MHs100486@uni.edu.pl,15
100487,Emma,James,EJs100487@uni.edu.pl,15
100488,David,Lewis,DLs100488@uni.edu.pl,19
100489,Kennedy,Morris,KMs100489@uni.edu.pl,7
100490,Jeremiah,Campbell,JCs100490@uni.edu.pl,12
100491,Benjamin,Barnes,BBs100491@uni.edu.pl,2
100492,Luke,Long,LLs100492@uni.edu.pl,8
100493,Isla,Powell,IPs100493@uni.edu.pl,16
100494,Hazel,Patterson,HPs100494@uni.edu.pl,19
100495,Daniel,Phillips,DPs100495@uni.edu.pl,2
100496,Madison,Wright,MWs100496@uni.edu.pl,19
100497,Isaac,Bell,IBs100497@uni.edu.pl,9
100498,Kevin,Ross,KRs100498@uni.edu.pl,9
100499,Charlotte,Jones,CJs100499@uni.edu.pl,12
100500,Asher,Collins,ACs100500@uni.edu.pl,1
100501,Aaron,Price,APs100501@uni.edu.pl,7
100502,Katherine,Ward,KWs100502@uni.edu.pl,1
100503,Leo,Collins,LCs100503@uni.edu.pl,1
100504,Anthony,Thompson,ATs100504@uni.edu.pl,1
100505,Hazel,Foster,HFs100505@uni.edu.pl,15
100506,Cameron,Simmons,CSs100506@uni.edu.pl,19
100507,Eleanor,Campbell,ECs100507@uni.edu.pl,13
100508,Aubrey,Harrison,AHs100508@uni.edu.pl,16
100509,Ezra,Foster,EFs100509@uni.edu.pl,12
100510,Henry,Sanders,HSs100510@uni.edu.pl,2
100511,Eleanor,Ward,EWs100511@uni.edu.pl,5
100512,Jasmine,Johnson,JJs100512@uni.edu.pl,18
100513,Adam,Nelson,ANs100513@uni.edu.pl,17
100514,Carter,Thompson,CTs100514@uni.edu.pl,11
100515,Hannah,Carter,HCs100515@uni.edu.pl,9
100516,Layla,Walker,LWs100516@uni.edu.pl,3
100517,Jason,Wright,JWs100517@uni.edu.pl,16
100518,Aria,Rodriguez,ARs100518@uni.edu.pl,19
100519,Liam,Torres,LTs100519@uni.edu.pl,12
100520,Katherine,Morgan,KMs100520@uni.edu.pl,17
100521,Caroline,Brown,CBs100521@uni.edu.pl,12
100522,Emily,Campbell,ECs100522@uni.edu.pl,13
100523,Aubrey,Morales,AMs100523@uni.edu.pl,17
100524,Mila,Scott,MSs100524@uni.edu.pl,17
100525,Jasmine,Jones,JJs100525@uni.edu.pl,18
100526,Carter,Roberts,CRs100526@uni.edu.pl,10
100527,Daniel,King,DKs100527@uni.edu.pl,13
100528,Jayden,Hernandez,JHs100528@uni.edu.pl,12
100529,Jordan,Richardson,JRs100529@uni.edu.pl,14
100530,Lillian,Cooper,LCs100530@uni.edu.pl,11
100531,Genesis,Thompson,GTs100531@uni.edu.pl,7
100532,Jordan,Bryant,JBs100532@uni.edu.pl,2
100533,Julian,Sullivan,JSs100533@uni.edu.pl,15
100534,Ian,Evans,IEs100534@uni.edu.pl,0
100535,Lily,Barnes,LBs100535@uni.edu.pl,5
100536,Kevin,Hernandez,KHs100536@uni.edu.pl,11
100537,Mason,Nguyen,MNs100537@uni.edu.pl,15
100538,Brianna,Jenkins,BJs100538@uni.edu.pl,7
100539,Joshua,Jenkins,JJs100539@uni.edu.pl,5
100540,Claire,Allen,CAs100540@uni.edu.pl,12
100541,John,Roberts,JRs100541@uni.edu.pl,16
100542,Grayson,Armstrong,GAs100542@uni.edu.pl,15
100543,Jasmine,Martinez,JMs100543@uni.edu.pl,1
100544,Jonathan,Williams,JWs100544@uni.edu.pl,7
100545,Layla,Clark,LCs100545@uni.edu.pl,3
100546,James,Cox,JCs100546@uni.edu.pl,5
100547,Asher,James,AJs100547@uni.edu.pl,15
100548,Eleanor,Moore,EMs100548@uni.edu.pl,17
100549,Aiden,Richardson,ARs100549@uni.edu.pl,19
100550,Isabella,Adams,IAs100550@uni.edu.pl,1
100551,Jasmine,Foster,JFs100551@uni.edu.pl,15
100552,Jayden,Sanders,JSs100552@uni.edu.pl,11
100553,Jasmine,King,JKs100553@uni.edu.pl,13
100554,Caleb,Turner,CTs100554@uni.edu.pl,0
100555,Dylan,Taylor,DTs100555@uni.edu.pl,1
100556,Isaac,Jackson,IJs100556@uni.edu.pl,12
100557,Liam,Armstrong,LAs100557@uni.edu.pl,19
100558,Ezra,Hill,EHs100558@uni.edu.pl,17
100559,Evan,Jackson,EJs100559@uni.edu.pl,12
100560,Gabriel,Sullivan,GSs100560@uni.edu.pl,19
100561,Luke,Garcia,LGs100561@uni.edu.pl,1
100562,Liam,Thomas,LTs100562@uni.edu.pl,12
100563,Katherine,Miller,KMs100563@uni.edu.pl,7
100564,Benjamin,Cox,BCs100564@uni.edu.pl,0
100565,Ava,Baker,ABs100565@uni.edu.pl,8
100566,Matthew,Hall,MHs100566@uni.edu.pl,9
100567,Jasmine,Wright,JWs100567@uni.edu.pl,4
100568,Luke,Wright,LWs100568@uni.edu.pl,1
100569,Benjamin,Turner,BTs100569@uni.edu.pl,0
100570,Hazel,Garcia,HGs100570@uni.edu.pl,18
100571,Blake,Harris,BHs100571@uni.edu.pl,15
100572,Adam,Perez,APs100572@uni.edu.pl,18
100573,Jacob,Parker,JPs100573@uni.edu.pl,3
100574,Jayden,Hill,JHs100574@uni.edu.pl,14
100575,Lily,Ramirez,LRs100575@uni.edu.pl,9
100576,Charlotte,Long,CLs100576@uni.edu.pl,6
100577,Chloe,Moore,CMs100577@uni.edu.pl,5
100578,Isabella,Nelson,INs100578@uni.edu.pl,13
100579,Isabella,Roberts,IRs100579@uni.edu.pl,0
100580,Felix,Price,FPs100580@uni.edu.pl,5
100581,Landon,Jones,LJs100581@uni.edu.pl,12
100582,Ezra,Roberts,ERs100582@uni.edu.pl,19
100583,Jeremiah,Cooper,JCs100583@uni.edu.pl,11
100584,Angelina,Parker,APs100584@uni.edu.pl,2
100585,John,Morris,JMs100585@uni.edu.pl,15
100586,Anthony,Thomas,ATs100586@uni.edu.pl,6
100587,Eli,Stewart,ESs100587@uni.edu.pl,19
100588,Katherine,Carter,KCs100588@uni.edu.pl,5
100589,Ava,Johnson,AJs100589@uni.edu.pl,18
100590,Charles,Richardson,CRs100590@uni.edu.pl,14
100591,Blake,White,BWs100591@uni.edu.pl,11
100592,Caroline,Brooks,CBs100592@uni.edu.pl,12
100593,Ian,James,IJs100593@uni.edu.pl,1
100594,Ezekiel,Roberts,ERs100594@uni.edu.pl,3
100595,Madison,Lee,MLs100595@uni.edu.pl,5
100596,Eleanor,Bryant,EBs100596@uni.edu.pl,8
100597,Jacob,Evans,JEs100597@uni.edu.pl,4
100598,Jayden,Cook,JCs100598@uni.edu.pl,13
100599,Hannah,Fisher,HFs100599@uni.edu.pl,5
100600,Caleb,Bell,CBs100600@uni.edu.pl,17
100601,Charles,Roberts,CRs100601@uni.edu.pl,13
100602,Cameron,Simmons,CSs100602@uni.edu.pl,6
100603,Jackson,Brooks,JBs100603@uni.edu.pl,16
100604,Caleb,Edwards,CEs100604@uni.edu.pl,5
100605,Isaac,Hill,IHs100605@uni.edu.pl,4
100606,Benjamin,Price,BPs100606@uni.edu.pl,5
100607,John,Johnson,JJs100607@uni.edu.pl,16
100608,Levi,Bryant,LBs100608@uni.edu.pl,15
100609,Madison,Campbell,MCs100609@uni.edu.pl,3
100610,David,Barnes,DBs100610@uni.edu.pl,13
100611,Madeline,Smith,MSs100611@uni.edu.pl,15
100612,Lily,Sanchez,LSs100612@uni.edu.pl,15
100613,Hazel,Cook,HCs100613@uni.edu.pl,8
100614,Caleb,Ramirez,CRs100614@uni.edu.pl,17
100615,Madeline,Adams,MAs100615@uni.edu.pl,5
100616,Claire,Carter,CCs100616@uni.edu.pl,3
100617,Emma,Nguyen,ENs100617@uni.edu.pl,15
100618,Luke,Miller,LMs100618@uni.edu.pl,17
100619,Claire,Morgan,CMs100619@uni.edu.pl,14
100620,Isabella,Harrison,IHs100620@uni.edu.pl,17
100621,Mason,Perez,MPs100621@uni.edu.pl,8
100622,John,Jenkins,JJs100622@uni.edu.pl,12
100623,Ethan,Parker,EPs100623@uni.edu.pl,12
100624,Angelina,Price,APs100624@uni.edu.pl,2
100625,Alexander,Harris,AHs100625@uni.edu.pl,3
100626,Eli,Garcia,EGs100626@uni.edu.pl,15
100627,Henry,Gonzalez,HGs100627@uni.edu.pl,4
100628,Alexander,Sullivan,ASs100628@uni.edu.pl,10
100629,Aurora,Smith,ASs100629@uni.edu.pl,5
100630,Michael,Cook,MCs100630@uni.edu.pl,5
100631,Ezekiel,Cook,ECs100631@uni.edu.pl,7
100632,Hannah,Fisher,HFs100632@uni.edu.pl,1
100633,Jack,Cooper,JCs100633@uni.edu.pl,19
100634,Caroline,Edwards,CEs100634@uni.edu.pl,16
100635,Joshua,Butler,JBs100635@uni.edu.pl,6
100636,Isla,Fisher,IFs100636@uni.edu.pl,3
100637,Ian,Fisher,IFs100637@uni.edu.pl,12
100638,Liam,Wood,LWs100638@uni.edu.pl,18
100639,George,Ward,GWs100639@uni.edu.pl,18
100640,Maya,Morgan,MMs100640@uni.edu.pl,16
100641,Mila,Smith,MSs100641@uni.edu.pl,18
100642,Brianna,Baker,BBs100642@uni.edu.pl,16
100643,Ezekiel,Bailey,EBs100643@uni.edu.pl,4
100644,Anthony,Lee,ALs100644@uni.edu.pl,13
100645,Madison,Wood,MWs100645@uni.edu.pl,0
100646,Kayla,Brown,KBs100646@uni.edu.pl,16
100647,Brandon,Jackson,BJs100647@uni.edu.pl,14
100648,Elijah,Watson,EWs100648@uni.edu.pl,13
100649,Layla,Torres,LTs100649@uni.edu.pl,7
100650,Jasmine,Simmons,JSs100650@uni.edu.pl,0
100651,George,Collins,GCs100651@uni.edu.pl,11
100652,Julian,Stewart,JSs100652@uni.edu.pl,1
100653,Hazel,Hernandez,HHs100653@uni.edu.pl,10
100654,Jonathan,Walker,JWs100654@uni.edu.pl,15
100655,Gabriel,Torres,GTs100655@uni.edu.pl,5
100656,Brianna,Hughes,BHs100656@uni.edu.pl,2
100657,Katherine,Cook,KCs100657@uni.edu.pl,10
100658,Jason,Hall,JHs100658@uni.edu.pl,14
100659,Mason,Diaz,MDs100659@uni.edu.pl,0
100660,Alexander,Graham,AGs100660@uni.edu.pl,8
100661,Mila,Harrison,MHs100661@uni.edu.pl,12
100662,Mila,Powell,MPs100662@uni.edu.pl,19
100663,Anthony,Harrison,AHs100663@uni.edu.pl,19
100664,Ethan,Adams,EAs100664@uni.edu.pl,1
100665,Elijah,Washington,EWs100665@uni.edu.pl,4
100666,Katherine,Richardson,KRs100666@uni.edu.pl,14
100667,Jacob,Hughes,JHs100667@uni.edu.pl,3
100668,Claire,Russell,CRs100668@uni.edu.pl,1
100669,Lily,Nelson,LNs100669@uni.edu.pl,10
100670,Julian,Price,JPs100670@uni.edu.pl,19
100671,Felix,Ross,FRs100671@uni.edu.pl,15
100672,Jonathan,Howard,JHs100672@uni.edu.pl,11
100673,Eli,Diaz,EDs100673@uni.edu.pl,15
100674,Emily,Thompson,ETs100674@uni.edu.pl,11
100675,Lillian,Powell,LPs100675@uni.edu.pl,17
100676,Michael,Bennett,MBs100676@uni.edu.pl,4
100677,Angelina,Wright,AWs100677@uni.edu.pl,4
100678,Joseph,Russell,JRs100678@uni.edu.pl,6
100679,Delilah,Thompson,DTs100679@uni.edu.pl,15
100680,George,Graham,GGs100680@uni.edu.pl,9
100681,Asher,Barnes,ABs100681@uni.edu.pl,3
100682,Caleb,Harris,CHs100682@uni.edu.pl,8
100683,Isabella,Cook,ICs100683@uni.edu.pl,4
100684,Chloe,Martin,CMs100684@uni.edu.pl,11
100685,Christopher,Turner,CTs100685@uni.edu.pl,0
100686,Elijah,Nelson,ENs100686@uni.edu.pl,13
100687,Isabella,Collins,ICs100687@uni.edu.pl,6
100688,Emily,Johnson,EJs100688@uni.edu.pl,0
100689,Jasmine,Ward,JWs100689@uni.edu.pl,4
100690,Lillian,Adams,LAs100690@uni.edu.pl,10
100691,Felix,Adams,FAs100691@uni.edu.pl,1
100692,Landon,Sullivan,LSs100692@uni.edu.pl,14
100693,Evan,Lewis,ELs100693@uni.edu.pl,0
100694,Benjamin,Russell,BRs100694@uni.edu.pl,9
100695,Mila,Flores,MFs100695@uni.edu.pl,17
100696,Elijah,Bryant,EBs100696@uni.edu.pl,19
100697,Jayden,Long,JLs100697@uni.edu.pl,4
100698,Eleanor,Hernandez,EHs100698@uni.edu.pl,15
100699,Hazel,Butler,HBs100699@uni.edu.pl,14
100700,Jeremiah,Hernandez,JHs100700@uni.edu.pl,19
100701,Jeremiah,Murphy,JMs100701@uni.edu.pl,11
100702,Evan,Taylor,ETs100702@uni.edu.pl,6
100703,Eleanor,Torres,ETs100703@uni.edu.pl,1
100704,Aria,Price,APs100704@uni.edu.pl,12
100705,Joshua,Hughes,JHs100705@uni.edu.pl,15
100706,Charles,Howard,CHs100706@uni.edu.pl,8
100707,Caleb,Morris,CMs100707@uni.edu.pl,16
100708,Angelina,Taylor,ATs100708@uni.edu.pl,17
100709,Adam,Armstrong,AAs100709@uni.edu.pl,15
100710,Madison,Russell,MRs100710@uni.edu.pl,8
100711,David,Rogers,DRs100711@uni.edu.pl,8
100712,Maya,Russell,MRs100712@uni.edu.pl,17
100713,Alice,Hughes,AHs100713@uni.edu.pl,15
100714,Lucas,Bryant,LBs100714@uni.edu.pl,10
100715,Maya,Clark,MCs100715@uni.edu.pl,2
100716,Madison,Harrison,MHs100716@uni.edu.pl,13
100717,Connor,Nelson,CNs100717@uni.edu.pl,9
100718,Asher,Bell,ABs100718@uni.edu.pl,11
100719,Lillian,Nguyen,LNs100719@uni.edu.pl,8
100720,Jasmine,Fisher,JFs100720@uni.edu.pl,16
100721,Ezekiel,Johnson,EJs100721@uni.edu.pl,17
100722,Andrew,Robinson,ARs100722@uni.edu.pl,13
100723,Jonathan,Carter,JCs100723@uni.edu.pl,5
100724,Ethan,Hall,EHs100724@uni.edu.pl,11
100725,Connor,Hall,CHs100725@uni.edu.pl,12
100726,Christopher,Williams,CWs100726@uni.edu.pl,11
100727,Madeline,Sanders,MSs100727@uni.edu.pl,14
100728,Joshua,Phillips,JPs100728@uni.edu.pl,19
100729,Jonathan,White,JWs100729@uni.edu.pl,9
100730,Dylan,Clark,DCs100730@uni.edu.pl,2
100731,Jack,Gonzalez,JGs100731@uni.edu.pl,13
100732,Jayden,Martin,JMs100732@uni.edu.pl,16
100733,Caroline,Lee,CLs100733@uni.edu.pl,8
100734,Claire,Campbell,CCs100734@uni.edu.pl,7
100735,Adam,Bryant,ABs100735@uni.edu.pl,4
100736,Chloe,Carter,CCs100736@uni.edu.pl,9
100737,Mason,Hughes,MHs100737@uni.edu.pl,15
100738,Ezekiel,Lee,ELs100738@uni.edu.pl,17
100739,Genesis,Harrison,GHs100739@uni.edu.pl,9
100740,Dominic,Jenkins,DJs100740@uni.edu.pl,1
100741,Aurora,Smith,ASs100741@uni.edu.pl,15
100742,Ian,Flores,IFs100742@uni.edu.pl,6
100743,Hunter,Butler,HBs100743@uni.edu.pl,13
100744,Layla,Jackson,LJs100744@uni.edu.pl,7
100745,John,Roberts,JRs100745@uni.edu.pl,11
100746,Mila,Ward,MWs100746@uni.edu.pl,9
100747,Joseph,Wilson,JWs100747@uni.edu.pl,13
100748,Ethan,Morgan,EMs100748@uni.edu.pl,12
100749,Gabriel,Long,GLs100749@uni.edu.pl,2
100750,Aaron,Edwards,AEs100750@uni.edu.pl,12
100751,Andrew,King,AKs100751@uni.edu.pl,8
100752,Julian,Jackson,JJs100752@uni.edu.pl,4
100753,Jayden,James,JJs100753@uni.edu.pl,9
100754,Connor,Scott,CSs100754@uni.edu.pl,15
100755,Claire,Moore,CMs100755@uni.edu.pl,10
100756,Madison,White,MWs100756@uni.edu.pl,12
100757,Isla,Howard,IHs100757@uni.edu.pl,16
100758,Layla,Foster,LFs100758@uni.edu.pl,19
100759,Chloe,Anderson,CAs100759@uni.edu.pl,0
100760,Caleb,Green,CGs100760@uni.edu.pl,13
100761,Katherine,Long,KLs100761@uni.edu.pl,8
100762,Isabella,Smith,ISs100762@uni.edu.pl,13
100763,Lillian,Allen,LAs100763@uni.edu.pl,5
100764,Ava,Johnson,AJs100764@uni.edu.pl,18
100765,Emily,Jenkins,EJs100765@uni.edu.pl,12
100766,Jackson,Wilson,JWs100766@uni.edu.pl,18
100767,Delilah,Bennett,DBs100767@uni.edu.pl,1
100768,Eli,Jones,EJs100768@uni.edu.pl,2
100769,Caleb,Ward,CWs100769@uni.edu.pl,10
100770,John,Howard,JHs100770@uni.edu.pl,12
100771,Liam,Bryant,LBs100771@uni.edu.pl,5
100772,Grayson,Cook,GCs100772@uni.edu.pl,11
100773,Austin,Cooper,ACs100773@uni.edu.pl,16
100774,Jayden,Hughes,JHs100774@uni.edu.pl,1
100775,Grace,Graham,GGs100775@uni.edu.pl,5
100776,Elijah,Armstrong,EAs100776@uni.edu.pl,10
100777,David,Russell,DRs100777@uni.edu.pl,12
100778,Cameron,Garcia,CGs100778@uni.edu.pl,16
100779,Lucas,Rodriguez,LRs100779@uni.edu.pl,0
100780,Brianna,Reed,BRs100780@uni.edu.pl,6
100781,Liam,Rogers,LRs100781@uni.edu.pl,0
100782,Hunter,Smith,HSs100782@uni.edu.pl,16
100783,Benjamin,Nguyen,BNs100783@uni.edu.pl,6
100784,Carter,Howard,CHs100784@uni.edu.pl,1
100785,Alexander,Henderson,AHs100785@uni.edu.pl,1
100786,Aurora,Green,AGs100786@uni.edu.pl,8
100787,Katherine,Moore,KMs100787@uni.edu.pl,3
100788,Joshua,Torres,JTs100788@uni.edu.pl,10
100789,Grayson,Carter,GCs100789@uni.edu.pl,18
100790,Alice,Rivera,ARs100790@uni.edu.pl,12
100791,Hannah,Jenkins,HJs100791@uni.edu.pl,1
100792,Elijah,Clark,ECs100792@uni.edu.pl,13
100793,Dylan,Russell,DRs100793@uni.edu.pl,10
100794,James,Cox,JCs100794@uni.edu.pl,7
100795,Joseph,Davis,JDs100795@uni.edu.pl,3
100796,Carter,Flores,CFs100796@uni.edu.pl,6
100797,Leo,Taylor,LTs100797@uni.edu.pl,15
100798,Katherine,Wright,KWs100798@uni.edu.pl,0
100799,Mason,Lee,MLs100799@uni.edu.pl,18
100800,Julian,Collins,JCs100800@uni.edu.pl,18
100801,Henry,Richardson,HRs100801@uni.edu.pl,15
100802,Christopher,Hayes,CHs100802@uni.edu.pl,1
100803,Emma,Morris,EMs100803@uni.edu.pl,5
100804,Daniel,Cooper,DCs100804@uni.edu.pl,12
100805,Genesis,Moore,GMs100805@uni.edu.pl,18
100806,Mila,Johnson,MJs100806@uni.edu.pl,0
100807,Mila,Price,MPs100807@uni.edu.pl,14
100808,Benjamin,Hernandez,BHs100808@uni.edu.pl,10
100809,Angelina,Russell,ARs100809@uni.edu.pl,1
100810,Aaron,Simmons,ASs100810@uni.edu.pl,6
100811,Hudson,Mitchell,HMs100811@uni.edu.pl,10
100812,Andrew,Henderson,AHs100812@uni.edu.pl,19
100813,Isaac,Martinez,IMs100813@uni.edu.pl,12
100814,Mason,Mitchell,MMs100814@uni.edu.pl,5
100815,Liam,Jones,LJs100815@uni.edu.pl,0
100816,Henry,Morgan,HMs100816@uni.edu.pl,7
100817,Daniel,James,DJs100817@uni.edu.pl,4
100818,John,Reed,JRs100818@uni.edu.pl,12
100819,Aaron,Allen,AAs100819@uni.edu.pl,15
100820,Kennedy,Hernandez,KHs100820@uni.edu.pl,1
100821,Charles,Johnson,CJs100821@uni.edu.pl,2
100822,Austin,Bryant,ABs100822@uni.edu.pl,8
100823,Mason,Taylor,MTs100823@uni.edu.pl,19
100824,Alexander,Collins,ACs100824@uni.edu.pl,17
100825,Liam,Garcia,LGs100825@uni.edu.pl,15
100826,Lily,Kelly,LKs100826@uni.edu.pl,2
100827,Elizabeth,Howard,EHs100827@uni.edu.pl,19
100828,Ezra,Henderson,EHs100828@uni.edu.pl,6
100829,Genesis,Barnes,GBs100829@uni.edu.pl,12
100830,Connor,Perez,CPs100830@uni.edu.pl,19
100831,Jasmine,Parker,JPs100831@uni.edu.pl,9
100832,Lucas,Wright,LWs100832@uni.edu.pl,14
100833,Brianna,Patterson,BPs100833@uni.edu.pl,19
100834,Landon,Phillips,LPs100834@uni.edu.pl,5
100835,Grayson,Davis,GDs100835@uni.edu.pl,8
100836,Michael,Bailey,MBs100836@uni.edu.pl,17
100837,Genesis,Cox,GCs100837@uni.edu.pl,6
100838,Ezra,Butler,EBs100838@uni.edu.pl,11
100839,Julian,Parker,JPs100839@uni.edu.pl,5
100840,Noah,Hughes,NHs100840@uni.edu.pl,5
100841,Madeline,Morales,MMs100841@uni.edu.pl,10
100842,Luke,Taylor,LTs100842@uni.edu.pl,3
100843,Joshua,Russell,JRs100843@uni.edu.pl,3
100844,Emma,Adams,EAs100844@uni.edu.pl,13
100845,Henry,Carter,HCs100845@uni.edu.pl,19
100846,Delilah,Turner,DTs100846@uni.edu.pl,19
100847,Grayson,Rivera,GRs100847@uni.edu.pl,13
100848,Chloe,Lee,CLs100848@uni.edu.pl,16
100849,Mila,Hall,MHs100849@uni.edu.pl,14
100850,Angelina,Wood,AWs100850@uni.edu.pl,15
100851,Delilah,Russell,DRs100851@uni.edu.pl,19
100852,Mila,Martinez,MMs100852@uni.edu.pl,16
100853,Emma,Rivera,ERs100853@uni.edu.pl,3
100854,Benjamin,Russell,BRs100854@uni.edu.pl,1
100855,Madison,Morris,MMs100855@uni.edu.pl,15
100856,Isla,Miller,IMs100856@uni.edu.pl,12
100857,Adam,Russell,ARs100857@uni.edu.pl,19
100858,Layla,Ward,LWs100858@uni.edu.pl,16
100859,Noah,Williams,NWs100859@uni.edu.pl,5
100860,Abigail,Turner,ATs100860@uni.edu.pl,3
100861,Jasmine,Anderson,JAs100861@uni.edu.pl,7
100862,Noah,James,NJs100862@uni.edu.pl,3
100863,Eli,Hughes,EHs100863@uni.edu.pl,8
100864,Ian,Thomas,ITs100864@uni.edu.pl,2
100865,Emma,Wood,EWs100865@uni.edu.pl,17
100866,Amelia,Watson,AWs100866@uni.edu.pl,6
100867,Lucas,Harrison,LHs100867@uni.edu.pl,9
100868,Ava,Lee,ALs100868@uni.edu.pl,0
100869,Christopher,Hernandez,CHs100869@uni.edu.pl,7
100870,Isaac,Phillips,IPs100870@uni.edu.pl,1
100871,Emma,Bailey,EBs100871@uni.edu.pl,10
100872,Carter,Carter,CCs100872@uni.edu.pl,8
100873,Aaron,Walker,AWs100873@uni.edu.pl,2
100874,Aria,Morris,AMs100874@uni.edu.pl,13
100875,Henry,Powell,HPs100875@uni.edu.pl,16
100876,Luke,Davis,LDs100876@uni.edu.pl,0
100877,Michael,Mitchell,MMs100877@uni.edu.pl,10
100878,Angelina,Harris,AHs100878@uni.edu.pl,15
100879,Aubrey,Edwards,AEs100879@uni.edu.pl,16
100880,Caleb,Baker,CBs100880@uni.edu.pl,14
100881,Joshua,Price,JPs100881@uni.edu.pl,4
100882,Jasmine,Lopez,JLs100882@uni.edu.pl,19
100883,Asher,Collins,ACs100883@uni.edu.pl,13
100884,Evan,Simmons,ESs100884@uni.edu.pl,19
100885,Connor,Garcia,CGs100885@uni.edu.pl,9
100886,David,Smith,DSs100886@uni.edu.pl,17
100887,Kennedy,Perez,KPs100887@uni.edu.pl,17
100888,Grayson,Wood,GWs100888@uni.edu.pl,5
100889,Ian,Campbell,ICs100889@uni.edu.pl,16
100890,Lucas,Jones,LJs100890@uni.edu.pl,1
100891,Anthony,Hill,AHs100891@uni.edu.pl,6
100892,Eleanor,Thomas,ETs100892@uni.edu.pl,1
100893,Felix,Brooks,FBs100893@uni.edu.pl,4
100894,Lucas,Phillips,LPs100894@uni.edu.pl,12
100895,Nathan,Williams,NWs100895@uni.edu.pl,18
100896,Maya,White,MWs100896@uni.edu.pl,7
100897,Aurora,Patterson,APs100897@uni.edu.pl,19
100898,Eleanor,Bailey,EBs100898@uni.edu.pl,11
100899,Isaac,James,IJs100899@uni.edu.pl,7
100900,Jasmine,Sanchez,JSs100900@uni.edu.pl,9
100901,Joseph,Rogers,JRs100901@uni.edu.pl,13
100902,Amelia,Powell,APs100902@uni.edu.pl,8
100903,Katherine,Cooper,KCs100903@uni.edu.pl,5
100904,Elizabeth,Jones,EJs100904@uni.edu.pl,13
100905,Claire,Bryant,CBs100905@uni.edu.pl,16
100906,Elijah,Walker,EWs100906@uni.edu.pl,6
100907,Eli,Rivera,ERs100907@uni.edu.pl,8
100908,Liam,Patterson,LPs100908@uni.edu.pl,17
100909,Luke,Gonzalez,LGs100909@uni.edu.pl,11
100910,Alice,Richardson,ARs100910@uni.edu.pl,15
100911,Jackson,Lewis,JLs100911@uni.edu.pl,19
100912,Aaron,Parker,APs100912@uni.edu.pl,16
100913,Maya,Cooper,MCs100913@uni.edu.pl,17
100914,Claire,Cook,CCs100914@uni.edu.pl,3
100915,Nathan,Bell,NBs100915@uni.edu.pl,10
100916,Hunter,Hernandez,HHs100916@uni.edu.pl,9
100917,Hannah,Roberts,HRs100917@uni.edu.pl,12
100918,Aria,Ross,ARs100918@uni.edu.pl,9
100919,Carter,Martin,CMs100919@uni.edu.pl,8
100920,John,Garcia,JGs100920@uni.edu.pl,0
100921,Mason,Roberts,MRs100921@uni.edu.pl,16
100922,Jordan,Diaz,JDs100922@uni.edu.pl,16
100923,Emily,Russell,ERs100923@uni.edu.pl,9
100924,Harper,Ward,HWs100924@uni.edu.pl,3
100925,Jack,Taylor,JTs100925@uni.edu.pl,10
100926,Julian,Jenkins,JJs100926@uni.edu.pl,8
100927,James,Evans,JEs100927@uni.edu.pl,14
100928,Ezra,Lewis,ELs100928@uni.edu.pl,4
100929,Dylan,Kelly,DKs100929@uni.edu.pl,8
100930,James,Taylor,JTs100930@uni.edu.pl,5
100931,Emily,Garcia,EGs100931@uni.edu.pl,10
100932,Ethan,Smith,ESs100932@uni.edu.pl,12
100933,Christopher,Harrison,CHs100933@uni.edu.pl,1
100934,Caroline,Rivera,CRs100934@uni.edu.pl,0
100935,Anthony,Roberts,ARs100935@uni.edu.pl,5
100936,George,Roberts,GRs100936@uni.edu.pl,0
100937,Lucas,Lopez,LLs100937@uni.edu.pl,15
100938,John,Torres,JTs100938@uni.edu.pl,7
100939,Anthony,Reed,ARs100939@uni.edu.pl,2
100940,Isaac,Nguyen,INs100940@uni.edu.pl,18
100941,Joseph,Martin,JMs100941@uni.edu.pl,15
100942,Adam,Reed,ARs100942@uni.edu.pl,8
100943,Lillian,Parker,LPs100943@uni.edu.pl,3
100944,Jackson,Sullivan,JSs100944@uni.edu.pl,4
100945,Jasmine,Bryant,JBs100945@uni.edu.pl,13
100946,Michael,Diaz,MDs100946@uni.edu.pl,11
100947,Aubrey,Mitchell,AMs100947@uni.edu.pl,18
100948,Mason,Walker,MWs100948@uni.edu.pl,9
100949,Genesis,Morgan,GMs100949@uni.edu.pl,2
100950,Gabriel,Fisher,GFs100950@uni.edu.pl,19
100951,Austin,Watson,AWs100951@uni.edu.pl,4
100952,Christopher,Jones,CJs100952@uni.edu.pl,17
100953,Maya,Campbell,MCs100953@uni.edu.pl,4
100954,Mason,Thomas,MTs100954@uni.edu.pl,0
100955,George,Rivera,GRs100955@uni.edu.pl,12
100956,Christopher,Armstrong,CAs100956@uni.edu.pl,1
100957,Benjamin,Brooks,BBs100957@uni.edu.pl,15
100958,Ava,Edwards,AEs100958@uni.edu.pl,2
100959,Chloe,Bailey,CBs100959@uni.edu.pl,10
100960,Jayden,Diaz,JDs100960@uni.edu.pl,17
100961,George,Foster,GFs100961@uni.edu.pl,10
100962,Anthony,Rivera,ARs100962@uni.edu.pl,15
100963,Ezekiel,Murphy,EMs100963@uni.edu.pl,8
100964,Michael,Wood,MWs100964@uni.edu.pl,0
100965,Julian,Jones,JJs100965@uni.edu.pl,1
100966,Caroline,Patterson,CPs100966@uni.edu.pl,16
100967,Leo,Stewart,LSs100967@uni.edu.pl,6
100968,Landon,Bailey,LBs100968@uni.edu.pl,11
100969,Caroline,Hernandez,CHs100969@uni.edu.pl,18
100970,Nathan,Bryant,NBs100970@uni.edu.pl,19
100971,Levi,Cooper,LCs100971@uni.edu.pl,18
100972,Claire,Robinson,CRs100972@uni.edu.pl,1
100973,David,Smith,DSs100973@uni.edu.pl,7
100974,Charles,Wright,CWs100974@uni.edu.pl,4
100975,Jack,Sullivan,JSs100975@uni.edu.pl,2
100976,Cameron,Adams,CAs100976@uni.edu.pl,9
100977,Jayden,Bell,JBs100977@uni.edu.pl,5
100978,Lincoln,Morris,LMs100978@uni.edu.pl,4
100979,Connor,Sanders,CSs100979@uni.edu.pl,9
100980,Leo,Ramirez,LRs100980@uni.edu.pl,9
100981,Aurora,Fisher,AFs100981@uni.edu.pl,16
100982,Lily,Moore,LMs100982@uni.edu.pl,12
100983,Charlotte,James,CJs100983@uni.edu.pl,3
100984,Hazel,Brown,HBs100984@uni.edu.pl,19
100985,David,Bell,DBs100985@uni.edu.pl,19
100986,Adam,Robinson,ARs100986@uni.edu.pl,2
100987,Ezekiel,Martinez,EMs100987@uni.edu.pl,16
100988,Ian,Morris,IMs100988@uni.edu.pl,2
100989,Jason,Mitchell,JMs100989@uni.edu.pl,2
100990,Jacob,Martin,JMs100990@uni.edu.pl,14
100991,Carter,Jones,CJs100991@uni.edu.pl,9
100992,Lillian,Phillips,LPs100992@uni.edu.pl,8
100993,Aria,Hughes,AHs100993@uni.edu.pl,15
100994,Ella,Jones,EJs100994@uni.edu.pl,17
100995,Daniel,Hernandez,DHs100995@uni.edu.pl,16
100996,Aria,Diaz,ADs100996@uni.edu.pl,2
100997,Henry,Morris,HMs100997@uni.edu.pl,10
100998,George,Washington,GWs100998@uni.edu.pl,6
100999,Lucas,Morales,LMs100999@uni.edu.pl,4
101000,Noah,Cooper,prNCs101000@uni.edu.pl,44
101001,Jasmine,Rodriguez,prJRs101001@uni.edu.pl,34
101002,Ezekiel,Washington,prEWs101002@uni.edu.pl,32
101003,Lillian,Cox,prLCs101003@uni.edu.pl,25
101004,Alice,Powell,prAPs101004@uni.edu.pl,34
101005,Brianna,Barnes,prBBs101005@uni.edu.pl,26
101006,Aurora,Turner,prATs101006@uni.edu.pl,43
101007,Amelia,Moore,prAMs101007@uni.edu.pl,39
101008,David,Patterson,prDPs101008@uni.edu.pl,46
101009,Abigail,Simmons,prASs101009@uni.edu.pl,37
101010,Lincoln,Wilson,prLWs101010@uni.edu.pl,49
101011,Ezekiel,Roberts,prERs101011@uni.edu.pl,45
101012,Dylan,Cox,prDCs101012@uni.edu.pl,49
101013,Ella,Reed,prERs101013@uni.edu.pl,49
101014,Ella,Hall,prEHs101014@uni.edu.pl,38
101015,James,Long,prJLs101015@uni.edu.pl,27
101016,Christopher,Ramirez,prCRs101016@uni.edu.pl,36
101017,Chloe,Wilson,prCWs101017@uni.edu.pl,33
101018,Dylan,Perez,prDPs101018@uni.edu.pl,34
101019,David,Hayes,prDHs101019@uni.edu.pl,40
101020,Emily,Phillips,prEPs101020@uni.edu.pl,20
101021,Lucas,Thomas,prLTs101021@uni.edu.pl,20
101022,Asher,Ward,prAWs101022@uni.edu.pl,31
101023,Mila,Perez,prMPs101023@uni.edu.pl,31
101024,Cameron,Henderson,prCHs101024@uni.edu.pl,26
101025,Levi,Brown,prLBs101025@uni.edu.pl,31
101026,Noah,Lopez,prNLs101026@uni.edu.pl,26
101027,Ian,Robinson,prIRs101027@uni.edu.pl,48
101028,Lillian,Harris,prLHs101028@uni.edu.pl,23
101029,Christopher,Campbell,prCCs101029@uni.edu.pl,49
101030,Isla,Smith,prISs101030@uni.edu.pl,34
101031,Abigail,Martin,prAMs101031@uni.edu.pl,20
101032,James,Washington,prJWs101032@uni.edu.pl,28
101033,Charles,Harris,prCHs101033@uni.edu.pl,47
101034,Kayla,Moore,prKMs101034@uni.edu.pl,35
101035,Jasmine,Hernandez,prJHs101035@uni.edu.pl,34
101036,Jasmine,Cook,prJCs101036@uni.edu.pl,39
101037,Matthew,Nelson,prMNs101037@uni.edu.pl,34
101038,Lucas,Miller,prLMs101038@uni.edu.pl,36
101039,Jason,Wood,prJWs101039@uni.edu.pl,25
101040,Ella,Brooks,prEBs101040@uni.edu.pl,34
101041,Aria,James,prAJs101041@uni.edu.pl,47
101042,Eleanor,Rivera,prERs101042@uni.edu.pl,32
101043,Hudson,Foster,prHFs101043@uni.edu.pl,25
101044,Ethan,Adams,prEAs101044@uni.edu.pl,48
101045,Charlotte,Flores,prCFs101045@uni.edu.pl,25
101046,Levi,Perez,prLPs101046@uni.edu.pl,38
101047,Levi,Jackson,prLJs101047@uni.edu.pl,49
101048,Felix,Washington,prFWs101048@uni.edu.pl,44
101049,Charles,Mitchell,prCMs101049@uni.edu.pl,40
101050,Jayden,Brown,prJBs101050@uni.edu.pl,32
101051,Isabella,Foster,prIFs101051@uni.edu.pl,48
101052,Leo,Kelly,prLKs101052@uni.edu.pl,23
101053,Madison,Evans,prMEs101053@uni.edu.pl,30
101054,Mila,Reed,prMRs101054@uni.edu.pl,44
101055,Cameron,Roberts,prCRs101055@uni.edu.pl,28
101056,Jacob,Price,prJPs101056@uni.edu.pl,33
101057,Hunter,Stewart,prHSs101057@uni.edu.pl,23
101058,Felix,Bailey,prFBs101058@uni.edu.pl,49
101059,Ava,Garcia,prAGs101059@uni.edu.pl,34
101060,Delilah,Robinson,prDRs101060@uni.edu.pl,40
101061,Adam,Allen,prAAs101061@uni.edu.pl,36
101062,John,Harris,prJHs101062@uni.edu.pl,39
101063,Adam,Jenkins,prAJs101063@uni.edu.pl,23
101064,Emma,Rivera,prERs101064@uni.edu.pl,40
101065,Jayden,Nelson,prJNs101065@uni.edu.pl,49
101066,Caleb,Lewis,prCLs101066@uni.edu.pl,44
101067,Grayson,Clark,prGCs101067@uni.edu.pl,47
101068,Liam,Rogers,prLRs101068@uni.edu.pl,34
101069,Joshua,Cox,prJCs101069@uni.edu.pl,40
101070,Julian,Davis,prJDs101070@uni.edu.pl,20
101071,Ian,Rivera,prIRs101071@uni.edu.pl,41
101072,Hannah,Wright,prHWs101072@uni.edu.pl,30
101073,Katherine,Sanchez,prKSs101073@uni.edu.pl,25
101074,Isabella,Graham,prIGs101074@uni.edu.pl,45
101075,Landon,Powell,prLPs101075@uni.edu.pl,48
101076,Matthew,Fisher,prMFs101076@uni.edu.pl,24
101077,Adam,Evans,prAEs101077@uni.edu.pl,26
101078,Brianna,Wood,prBWs101078@uni.edu.pl,38
101079,Claire,Thomas,prCTs101079@uni.edu.pl,30
101080,Lucas,Watson,prLWs101080@uni.edu.pl,37
101081,Daniel,Turner,prDTs101081@uni.edu.pl,36
101082,Gabriel,Morris,prGMs101082@uni.edu.pl,22
101083,Jackson,Brooks,prJBs101083@uni.edu.pl,35
101084,Brandon,Reed,prBRs101084@uni.edu.pl,20
101085,Aria,Russell,prARs101085@uni.edu.pl,26
101086,Angelina,Murphy,prAMs101086@uni.edu.pl,43
101087,Madeline,Long,prMLs101087@uni.edu.pl,29
101088,Layla,Bailey,prLBs101088@uni.edu.pl,37
101089,Andrew,Baker,prABs101089@uni.edu.pl,25
101090,Isaac,Morgan,prIMs101090@uni.edu.pl,42
101091,Liam,Richardson,prLRs101091@uni.edu.pl,27
101092,Layla,Watson,prLWs101092@uni.edu.pl,48
101093,Lincoln,Turner,prLTs101093@uni.edu.pl,49
101094,Aiden,Reed,prARs101094@uni.edu.pl,23
101095,Ian,Hill,prIHs101095@uni.edu.pl,38
101096,Felix,Price,prFPs101096@uni.edu.pl,44
101097,Caleb,Simmons,prCSs101097@uni.edu.pl,39
101098,Matthew,Jones,prMJs101098@uni.edu.pl,23
101099,Lillian,Turner,prLTs101099@uni.edu.pl,38
